[
    {
        "name": "Adafruit NeoPixel",
        "exclude_targets": [],
        "sketch_path": [
            "~/Arduino/libraries/Adafruit_NeoPixel/examples/strandtest/strandtest.ino"
        ]
    },
    {
        "name": "ArduinoBLE",
        "exclude_targets": [
            "esp32s2",
            "esp32p4"
        ],
        "sketch_path": [
            "~/Arduino/libraries/ArduinoBLE/examples/Central/Scan/Scan.ino"
        ]
    },
    {
        "name": "ESP32Servo",
        "exclude_targets": [],
        "sketch_path": [
            "~/Arduino/libraries/ESP32Servo/examples/Multiple-Servo-Example-Arduino/Multiple-Servo-Example-Arduino.ino"
        ]
    },
    {
        "source-url": "https://github.com/ESP32Async/ESPAsyncWebServer.git",
        "required-libs": [
            {"source-url": "https://github.com/ESP32Async/AsyncTCP.git"}
        ],
        "exclude_targets": [],
        "sketch_path": [
            "~/Arduino/libraries/ESPAsyncWebServer/examples/Auth/Auth.ino",
            "~/Arduino/libraries/ESPAsyncWebServer/examples/CORS/CORS.ino",
            "~/Arduino/libraries/ESPAsyncWebServer/examples/CaptivePortal/CaptivePortal.ino",
            "~/Arduino/libraries/ESPAsyncWebServer/examples/CatchAllHandler/CatchAllHandler.ino",
            "~/Arduino/libraries/ESPAsyncWebServer/examples/ChunkResponse/ChunkResponse.ino",
            "~/Arduino/libraries/ESPAsyncWebServer/examples/ChunkRetryResponse/ChunkRetryResponse.ino",
            "~/Arduino/libraries/ESPAsyncWebServer/examples/EndBegin/EndBegin.ino",
            "~/Arduino/libraries/ESPAsyncWebServer/examples/Filters/Filters.ino",
            "~/Arduino/libraries/ESPAsyncWebServer/examples/FlashResponse/FlashResponse.ino",
            "~/Arduino/libraries/ESPAsyncWebServer/examples/HeaderManipulation/HeaderManipulation.ino",
            "~/Arduino/libraries/ESPAsyncWebServer/examples/Headers/Headers.ino",
            "~/Arduino/libraries/ESPAsyncWebServer/examples/Json/Json.ino",
            "~/Arduino/libraries/ESPAsyncWebServer/examples/Logging/Logging.ino",
            "~/Arduino/libraries/ESPAsyncWebServer/examples/MessagePack/MessagePack.ino",
            "~/Arduino/libraries/ESPAsyncWebServer/examples/Middleware/Middleware.ino",
            "~/Arduino/libraries/ESPAsyncWebServer/examples/Params/Params.ino",
            "~/Arduino/libraries/ESPAsyncWebServer/examples/PartitionDownloader/PartitionDownloader.ino",
            "~/Arduino/libraries/ESPAsyncWebServer/examples/PerfTests/PerfTests.ino",
            "~/Arduino/libraries/ESPAsyncWebServer/examples/RateLimit/RateLimit.ino",
            "~/Arduino/libraries/ESPAsyncWebServer/examples/Redirect/Redirect.ino",
            "~/Arduino/libraries/ESPAsyncWebServer/examples/RequestContinuation/RequestContinuation.ino",
            "~/Arduino/libraries/ESPAsyncWebServer/examples/RequestContinuationComplete/RequestContinuationComplete.ino",
            "~/Arduino/libraries/ESPAsyncWebServer/examples/ResumableDownload/ResumableDownload.ino",
            "~/Arduino/libraries/ESPAsyncWebServer/examples/Rewrite/Rewrite.ino",
            "~/Arduino/libraries/ESPAsyncWebServer/examples/ServerSentEvents/ServerSentEvents.ino",
            "~/Arduino/libraries/ESPAsyncWebServer/examples/ServerState/ServerState.ino",
            "~/Arduino/libraries/ESPAsyncWebServer/examples/SkipServerMiddleware/SkipServerMiddleware.ino",
            "~/Arduino/libraries/ESPAsyncWebServer/examples/SlowChunkResponse/SlowChunkResponse.ino",
            "~/Arduino/libraries/ESPAsyncWebServer/examples/StaticFile/StaticFile.ino",
            "~/Arduino/libraries/ESPAsyncWebServer/examples/Templates/Templates.ino",
            "~/Arduino/libraries/ESPAsyncWebServer/examples/Upload/Upload.ino",
            "~/Arduino/libraries/ESPAsyncWebServer/examples/WebSocket/WebSocket.ino"
        ]
    },
    {
        "name": "EthernetESP32",
        "exclude_targets": [],
        "sketch_path": [
            "~/Arduino/libraries/EthernetESP32/examples/LegacyEthernetTest/LegacyEthernetTest.ino",
            "~/Arduino/libraries/EthernetESP32/examples/TwoEthernets/TwoEthernets.ino"
        ]
    },
    {
        "name": "FastLED",
        "exclude_targets": [],
        "sketch_path": [
            "~/Arduino/libraries/FastLED/examples/Blink/Blink.ino"
        ]
    },
    {
        "name": "IRremote",
        "exclude_targets": [],
        "sketch_path": [
            "~/Arduino/libraries/IRremote/examples/SendDemo/SendDemo.ino"
        ]
    },
    {
        "name": "MFRC522",
        "exclude_targets": [],
        "sketch_path": [
            "~/Arduino/libraries/MFRC522/examples/ReadUidMultiReader/ReadUidMultiReader.ino"
        ]
    },
    {
        "name": "WS2812FX",
        "exclude_targets": [],
        "sketch_path": [
            "~/Arduino/libraries/WS2812FX/examples/ws2812fx_spi/ws2812fx_spi.ino"
        ]
    },
    {
        "name": "ZACwire for TSic",
        "exclude_targets": [],
        "sketch_path": [
            "~/Arduino/libraries/ZACwire_for_TSic/examples/ReadingTwoTSICs/ReadingTwoTSICs.ino",
            "~/Arduino/libraries/ZACwire_for_TSic/examples/ReadSingleTSIC206/ReadSingleTSIC206.ino"
        ]
    }
]
